station,year,swe,lat,lon,ele,z
1C12P,1994,889,50.78333333,-122.9166667,1766,-0.047545427
1C12P,1995,1027,50.78333333,-122.9166667,1766,0.524462634
1C12P,1996,966,50.78333333,-122.9166667,1766,0.271618491
1C12P,1997,1021,50.78333333,-122.9166667,1766,0.499592718
1C12P,1998,850,50.78333333,-122.9166667,1766,-0.209199879
1C12P,1999,1408,50.78333333,-122.9166667,1766,2.103702281
1C12P,2000,777,50.78333333,-122.9166667,1766,-0.511783853
1C12P,2001,618,50.78333333,-122.9166667,1766,-1.170836619
1C12P,2002,1057,50.78333333,-122.9166667,1766,0.648812212
1C12P,2003,917,50.78333333,-122.9166667,1766,0.06851418
1C12P,2004,661,50.78333333,-122.9166667,1766,-0.992602224
1C12P,2005,637,50.78333333,-122.9166667,1766,-1.092081886
1C12P,2006,871,50.78333333,-122.9166667,1766,-0.122155174
1C12P,2007,1344,50.78333333,-122.9166667,1766,1.83842318
1C12P,2008,844,50.78333333,-122.9166667,1766,-0.234069795
1C12P,2009,469,50.78333333,-122.9166667,1766,-1.788439526
1C12P,2011,952,50.78333333,-122.9166667,1766,0.213588688
1D09P,1992,634,49.21666667,-121.5666667,1408,-1.423400208
1D09P,1993,796,49.21666667,-121.5666667,1408,-0.810488955
1D09P,1994,861,49.21666667,-121.5666667,1408,-0.564567773
1D09P,1995,843,49.21666667,-121.5666667,1408,-0.632669024
1D09P,1996,829,49.21666667,-121.5666667,1408,-0.685636663
1D09P,1998,1487,49.21666667,-121.5666667,1408,1.803842379
1D09P,2000,1328,49.21666667,-121.5666667,1408,1.202281334
1D09P,2001,890,49.21666667,-121.5666667,1408,-0.454849092
1D09P,2002,1344,49.21666667,-121.5666667,1408,1.262815778
1D09P,2003,853,49.21666667,-121.5666667,1408,-0.594834996
1D09P,2004,1173,49.21666667,-121.5666667,1408,0.6158539
1D09P,2005,652,49.21666667,-121.5666667,1408,-1.355298958
1D09P,2006,1185,49.21666667,-121.5666667,1408,0.661254734
1D09P,2007,1347,49.21666667,-121.5666667,1408,1.274165987
1D09P,2008,1292,49.21666667,-121.5666667,1408,1.066078833
1D09P,2009,813,49.21666667,-121.5666667,1408,-0.746171107
1D09P,2010,866,49.21666667,-121.5666667,1408,-0.545650759
1D09P,2011,991,49.21666667,-121.5666667,1408,-0.072725409
1D17P,1992,1135,49.01666667,-121.7,1621,-0.800134225
1D17P,1993,1040,49.01666667,-121.7,1621,-1.092689529
1D17P,1994,1320,49.01666667,-121.7,1621,-0.230421267
1D17P,1996,1136,49.01666667,-121.7,1621,-0.797054696
1D17P,1998,1271,49.01666667,-121.7,1621,-0.381318212
1D17P,2000,1616,49.01666667,-121.7,1621,0.681119467
1D17P,2001,1080,49.01666667,-121.7,1621,-0.969508348
1D17P,2002,1894,49.01666667,-121.7,1621,1.53722867
1D17P,2003,1260,49.01666667,-121.7,1621,-0.415193037
1D17P,2004,1530,49.01666667,-121.7,1621,0.41627993
1D17P,2005,739,49.01666667,-121.7,1621,-2.01962791
1D17P,2006,1549,49.01666667,-121.7,1621,0.47479099
1D17P,2007,1879,49.01666667,-121.7,1621,1.491035728
1D17P,2008,1669,49.01666667,-121.7,1621,0.844334531
1D17P,2009,1399,49.01666667,-121.7,1621,0.012861564
1D17P,2010,1346,49.01666667,-121.7,1621,-0.150353499
1D17P,2011,1849,49.01666667,-121.7,1621,1.398649843
1A05,1953,688,53.95,-121.4333333,1693,-0.493729106
1A05,1954,663,53.95,-121.4333333,1693,-0.609515786
1A05,1955,701,53.95,-121.4333333,1693,-0.433520033
1A05,1956,772,53.95,-121.4333333,1693,-0.104685862
1A05,1957,589,53.95,-121.4333333,1693,-0.952244359
1A05,1958,478,53.95,-121.4333333,1693,-1.466337218
1A05,1959,551,53.95,-121.4333333,1693,-1.128240112
1A05,1960,716,53.95,-121.4333333,1693,-0.364048025
1A05,1961,673,53.95,-121.4333333,1693,-0.563201114
1A05,1962,660,53.95,-121.4333333,1693,-0.623410188
1A05,1963,998,53.95,-121.4333333,1693,0.942025725
1A05,1964,1234,53.95,-121.4333333,1693,2.035051983
1A05,1965,650,53.95,-121.4333333,1693,-0.66972486
1A05,1966,688,53.95,-121.4333333,1693,-0.493729106
1A05,1967,904,53.95,-121.4333333,1693,0.506667808
1A05,1968,815,53.95,-121.4333333,1693,0.094467228
1A05,1969,546,53.95,-121.4333333,1693,-1.151397448
1A05,1970,757,53.95,-121.4333333,1693,-0.17415787
1A05,1971,721,53.95,-121.4333333,1693,-0.340890689
1A05,1972,889,53.95,-121.4333333,1693,0.4371958
1A05,1973,775,53.95,-121.4333333,1693,-0.09079146
1A05,1974,1222,53.95,-121.4333333,1693,1.979474377
1A05,1975,615,53.95,-121.4333333,1693,-0.831826212
1A05,1976,838,53.95,-121.4333333,1693,0.200990973
1A05,1977,818,53.95,-121.4333333,1693,0.108361629
1A05,1978,467,53.95,-121.4333333,1693,-1.517283357
1A05,1979,886,53.95,-121.4333333,1693,0.423301399
1A05,1980,718,53.95,-121.4333333,1693,-0.35478509
1A05,1981,614,53.95,-121.4333333,1693,-0.836457679
1A05,1982,856,53.95,-121.4333333,1693,0.284357383
1A05,1983,492,53.95,-121.4333333,1693,-1.401496677
1A05,1984,612,53.95,-121.4333333,1693,-0.845720613
1A05,1985,818,53.95,-121.4333333,1693,0.108361629
1A05,1986,800,53.95,-121.4333333,1693,0.02499522
1A05,1987,676,53.95,-121.4333333,1693,-0.549306713
1A05,1988,838,53.95,-121.4333333,1693,0.200990973
1A05,1990,1140,53.95,-121.4333333,1693,1.599694067
1A05,1991,1082,53.95,-121.4333333,1693,1.331068969
1A05,1992,884,53.95,-121.4333333,1693,0.414038464
1A05,1993,544,53.95,-121.4333333,1693,-1.160660383
1A05,1994,1000,53.95,-121.4333333,1693,0.951288659
1A05,1995,562,53.95,-121.4333333,1693,-1.077293973
1A05,1996,676,53.95,-121.4333333,1693,-0.549306713
1A05,1998,568,53.95,-121.4333333,1693,-1.04950517
1A05,1999,840,53.95,-121.4333333,1693,0.210253908
1A05,2000,680,53.95,-121.4333333,1693,-0.530780844
1A05,2001,572,53.95,-121.4333333,1693,-1.030979301
1A05,2003,614,53.95,-121.4333333,1693,-0.836457679
1A05,2004,716,53.95,-121.4333333,1693,-0.364048025
1A05,2005,762,53.95,-121.4333333,1693,-0.151000534
1A05,2006,520,53.95,-121.4333333,1693,-1.271815595
1A05,2007,920,53.95,-121.4333333,1693,0.580771283
1A05,2008,1010,53.95,-121.4333333,1693,0.997603331
1A05,2009,1024,53.95,-121.4333333,1693,1.062443872
1A05,2010,700,53.95,-121.4333333,1693,-0.4381515
1A05,2012,1150,53.95,-121.4333333,1693,1.646008739
1A05,2013,1220,53.95,-121.4333333,1693,1.970211442
1A05,2014,1274,53.95,-121.4333333,1693,2.220310671
1A05,2016,632,53.95,-121.4333333,1693,-0.753091269
1A05,2018,952,53.95,-121.4333333,1693,0.728978234
1A05,2019,846,53.95,-121.4333333,1693,0.238042711
1A05,2020,1378,53.95,-121.4333333,1693,2.70198326
1A05,2021,1056,53.95,-121.4333333,1693,1.210650822
1C01,1945,99,49.8,-120.8666667,994,-1.325334497
1C01,1946,307,49.8,-120.8666667,994,1.364636014
1C01,1947,269,49.8,-120.8666667,994,0.873199094
1C01,1948,193,49.8,-120.8666667,994,-0.109674747
1C01,1949,333,49.8,-120.8666667,994,1.700882328
1C01,1950,323,49.8,-120.8666667,994,1.571556823
1C01,1951,338,49.8,-120.8666667,994,1.765545081
1C01,1952,226,49.8,-120.8666667,994,0.317099421
1C01,1953,183,49.8,-120.8666667,994,-0.239000252
1C01,1954,333,49.8,-120.8666667,994,1.700882328
1C01,1955,196,49.8,-120.8666667,994,-0.070877095
1C01,1956,353,49.8,-120.8666667,994,1.959533339
1C01,1957,178,49.8,-120.8666667,994,-0.303663005
1C01,1958,211,49.8,-120.8666667,994,0.123111163
1C01,1959,376,49.8,-120.8666667,994,2.256982001
1C01,1960,246,49.8,-120.8666667,994,0.575750432
1C01,1961,183,49.8,-120.8666667,994,-0.239000252
1C01,1962,193,49.8,-120.8666667,994,-0.109674747
1C01,1963,122,49.8,-120.8666667,994,-1.027885835
1C01,1964,274,49.8,-120.8666667,994,0.937861847
1C01,1965,198,49.8,-120.8666667,994,-0.045011994
1C01,1966,218,49.8,-120.8666667,994,0.213639017
1C01,1967,295,49.8,-120.8666667,994,1.209445408
1C01,1968,231,49.8,-120.8666667,994,0.381762174
1C01,1969,234,49.8,-120.8666667,994,0.420559825
1C01,1970,203,49.8,-120.8666667,994,0.019650759
1C01,1971,376,49.8,-120.8666667,994,2.256982001
1C01,1972,399,49.8,-120.8666667,994,2.554430664
1C01,1973,132,49.8,-120.8666667,994,-0.898560329
1C01,1974,284,49.8,-120.8666667,994,1.067187352
1C01,1975,292,49.8,-120.8666667,994,1.170647756
1C01,1976,188,49.8,-120.8666667,994,-0.174337499
1C01,1977,127,49.8,-120.8666667,994,-0.963223082
1C01,1978,193,49.8,-120.8666667,994,-0.109674747
1C01,1979,165,49.8,-120.8666667,994,-0.471786162
1C01,1980,212,49.8,-120.8666667,994,0.136043713
1C01,1981,174,49.8,-120.8666667,994,-0.355393207
1C01,1982,260,49.8,-120.8666667,994,0.756806139
1C01,1983,198,49.8,-120.8666667,994,-0.045011994
1C01,1984,106,49.8,-120.8666667,994,-1.234806643
1C01,1985,196,49.8,-120.8666667,994,-0.070877095
1C01,1986,150,49.8,-120.8666667,994,-0.66577442
1C01,1987,220,49.8,-120.8666667,994,0.239504118
1C01,1988,163,49.8,-120.8666667,994,-0.497651263
1C01,1989,192,49.8,-120.8666667,994,-0.122607297
1C01,1990,164,49.8,-120.8666667,994,-0.484718712
1C01,1991,215,49.8,-120.8666667,994,0.174841365
1C01,1992,119,49.8,-120.8666667,994,-1.066683486
1C01,1993,117,49.8,-120.8666667,994,-1.092548588
1C01,1994,92,49.8,-120.8666667,994,-1.415862351
1C01,1995,186,49.8,-120.8666667,994,-0.200202601
1C01,1996,275,49.8,-120.8666667,994,0.950794397
1C01,1997,296,49.8,-120.8666667,994,1.222377958
1C01,1998,180,49.8,-120.8666667,994,-0.277797904
1C01,1999,272,49.8,-120.8666667,994,0.911996746
1C01,2000,86,49.8,-120.8666667,994,-1.493457654
1C01,2001,146,49.8,-120.8666667,994,-0.717504622
1C01,2002,178,49.8,-120.8666667,994,-0.303663005
1C01,2003,146,49.8,-120.8666667,994,-0.717504622
1C01,2004,131,49.8,-120.8666667,994,-0.91149288
1C01,2005,51,49.8,-120.8666667,994,-1.946096923
1C01,2006,204,49.8,-120.8666667,994,0.032583309
1C01,2007,206,49.8,-120.8666667,994,0.05844841
1C01,2008,167,49.8,-120.8666667,994,-0.445921061
1C01,2009,111,49.8,-120.8666667,994,-1.170143891
1C01,2010,119,49.8,-120.8666667,994,-1.066683486
1C01,2011,220,49.8,-120.8666667,994,0.239504118
1C01,2012,223,49.8,-120.8666667,994,0.278301769
1C01,2013,143,49.8,-120.8666667,994,-0.756302274
1C01,2014,156,49.8,-120.8666667,994,-0.588179117
1C01,2015,45,49.8,-120.8666667,994,-2.023692226
1C01,2016,138,49.8,-120.8666667,994,-0.820965026
1C01,2017,182,49.8,-120.8666667,994,-0.251932803
1C01,2018,223,49.8,-120.8666667,994,0.278301769
1C01,2019,95,49.8,-120.8666667,994,-1.377064699
1C01,2020,127,49.8,-120.8666667,994,-0.963223082
1C01,2021,159,49.8,-120.8666667,994,-0.549381465
1C05,1952,742,50.68333333,-122.6166667,1715,0.872625313
1C05,1953,770,50.68333333,-122.6166667,1715,1.042725592
1C05,1954,1118,50.68333333,-122.6166667,1715,3.156829061
1C05,1956,820,50.68333333,-122.6166667,1715,1.34647609
1C05,1957,673,50.68333333,-122.6166667,1715,0.453449625
1C05,1958,571,50.68333333,-122.6166667,1715,-0.166201392
1C05,1959,544,50.68333333,-122.6166667,1715,-0.330226661
1C05,1960,559,50.68333333,-122.6166667,1715,-0.239101512
1C05,1961,823,50.68333333,-122.6166667,1715,1.36470112
1C05,1962,460,50.68333333,-122.6166667,1715,-0.840527499
1C05,1963,559,50.68333333,-122.6166667,1715,-0.239101512
1C05,1964,632,50.68333333,-122.6166667,1715,0.204374216
1C05,1965,488,50.68333333,-122.6166667,1715,-0.67042722
1C05,1966,627,50.68333333,-122.6166667,1715,0.173999166
1C05,1967,952,50.68333333,-122.6166667,1715,2.148377406
1C05,1968,777,50.68333333,-122.6166667,1715,1.085250662
1C05,1969,660,50.68333333,-122.6166667,1715,0.374474495
1C05,1970,386,50.68333333,-122.6166667,1715,-1.290078237
1C05,1971,706,50.68333333,-122.6166667,1715,0.653924954
1C05,1972,686,50.68333333,-122.6166667,1715,0.532424754
1C05,1973,559,50.68333333,-122.6166667,1715,-0.239101512
1C05,1974,833,50.68333333,-122.6166667,1715,1.42545122
1C05,1975,574,50.68333333,-122.6166667,1715,-0.147976362
1C05,1976,820,50.68333333,-122.6166667,1715,1.34647609
1C05,1977,409,50.68333333,-122.6166667,1715,-1.150353007
1C05,1978,650,50.68333333,-122.6166667,1715,0.313724395
1C05,1979,392,50.68333333,-122.6166667,1715,-1.253628177
1C05,1980,478,50.68333333,-122.6166667,1715,-0.731177319
1C05,1981,486,50.68333333,-122.6166667,1715,-0.68257724
1C05,1982,572,50.68333333,-122.6166667,1715,-0.160126382
1C05,1983,544,50.68333333,-122.6166667,1715,-0.330226661
1C05,1984,328,50.68333333,-122.6166667,1715,-1.642428815
1C05,1985,436,50.68333333,-122.6166667,1715,-0.986327738
1C05,1986,668,50.68333333,-122.6166667,1715,0.423074575
1C05,1987,664,50.68333333,-122.6166667,1715,0.398774535
1C05,1988,518,50.68333333,-122.6166667,1715,-0.488176921
1C05,1989,624,50.68333333,-122.6166667,1715,0.155774136
1C05,1990,506,50.68333333,-122.6166667,1715,-0.56107704
1C05,1991,900,50.68333333,-122.6166667,1715,1.832476888
1C05,1992,684,50.68333333,-122.6166667,1715,0.520274734
1C05,1993,322,50.68333333,-122.6166667,1715,-1.678878875
1C05,1994,608,50.68333333,-122.6166667,1715,0.058573977
1C05,1995,684,50.68333333,-122.6166667,1715,0.520274734
1C05,1996,571,50.68333333,-122.6166667,1715,-0.166201392
1C05,1997,762,50.68333333,-122.6166667,1715,0.994125512
1C05,1998,568,50.68333333,-122.6166667,1715,-0.184426422
1C05,1999,964,50.68333333,-122.6166667,1715,2.221277526
1C05,2000,553,50.68333333,-122.6166667,1715,-0.275551572
1C05,2001,417,50.68333333,-122.6166667,1715,-1.101752927
1C05,2002,630,50.68333333,-122.6166667,1715,0.192224196
1C05,2003,539,50.68333333,-122.6166667,1715,-0.360601711
1C05,2004,413,50.68333333,-122.6166667,1715,-1.126052967
1C05,2005,451,50.68333333,-122.6166667,1715,-0.895202588
1C05,2006,562,50.68333333,-122.6166667,1715,-0.220876482
1C05,2007,805,50.68333333,-122.6166667,1715,1.255350941
1C05,2008,480,50.68333333,-122.6166667,1715,-0.719027299
1C05,2009,349,50.68333333,-122.6166667,1715,-1.514853605
1C05,2011,625,50.68333333,-122.6166667,1715,0.161849146
1C05,2012,793,50.68333333,-122.6166667,1715,1.182450821
1C05,2013,462,50.68333333,-122.6166667,1715,-0.828377479
1C05,2014,391,50.68333333,-122.6166667,1715,-1.259703187
1C05,2015,381,50.68333333,-122.6166667,1715,-1.320453286
1C05,2016,544,50.68333333,-122.6166667,1715,-0.330226661
1C05,2017,566,50.68333333,-122.6166667,1715,-0.196576442
1C05,2018,513,50.68333333,-122.6166667,1715,-0.51855197
1C05,2019,428,50.68333333,-122.6166667,1715,-1.034927818
1C05,2021,511,50.68333333,-122.6166667,1715,-0.53070199
1C06,1955,97,50.9,-121.8166667,1209,1.199687163
1C06,1956,147,50.9,-121.8166667,1209,2.339932052
1C06,1957,79,50.9,-121.8166667,1209,0.789199003
1C06,1958,81,50.9,-121.8166667,1209,0.834808799
1C06,1959,36,50.9,-121.8166667,1209,-0.191411601
1C06,1960,53,50.9,-121.8166667,1209,0.196271661
1C06,1961,76,50.9,-121.8166667,1209,0.72078431
1C06,1962,130,50.9,-121.8166667,1209,1.95224879
1C06,1963,25,50.9,-121.8166667,1209,-0.442265476
1C06,1964,117,50.9,-121.8166667,1209,1.655785119
1C06,1965,86,50.9,-121.8166667,1209,0.948833288
1C06,1966,69,50.9,-121.8166667,1209,0.561150026
1C06,1967,102,50.9,-121.8166667,1209,1.313711652
1C06,1968,0,50.9,-121.8166667,1209,-1.012387921
1C06,1969,112,50.9,-121.8166667,1209,1.54176063
1C06,1970,0,50.9,-121.8166667,1209,-1.012387921
1C06,1971,119,50.9,-121.8166667,1209,1.701394914
1C06,1972,91,50.9,-121.8166667,1209,1.062857777
1C06,1973,46,50.9,-121.8166667,1209,0.036637377
1C06,1975,140,50.9,-121.8166667,1209,2.180297767
1C06,1977,61,50.9,-121.8166667,1209,0.378710843
1C06,1978,69,50.9,-121.8166667,1209,0.561150026
1C06,1979,0,50.9,-121.8166667,1209,-1.012387921
1C06,1980,17,50.9,-121.8166667,1209,-0.624704659
1C06,1981,0,50.9,-121.8166667,1209,-1.012387921
1C06,1982,92,50.9,-121.8166667,1209,1.085662674
1C06,1983,0,50.9,-121.8166667,1209,-1.012387921
1C06,1984,0,50.9,-121.8166667,1209,-1.012387921
1C06,1985,74,50.9,-121.8166667,1209,0.675174514
1C06,1986,0,50.9,-121.8166667,1209,-1.012387921
1C06,1987,27,50.9,-121.8166667,1209,-0.396655681
1C06,1988,0,50.9,-121.8166667,1209,-1.012387921
1C06,1989,9,50.9,-121.8166667,1209,-0.807143841
1C06,1990,44,50.9,-121.8166667,1209,-0.008972419
1C06,1991,86,50.9,-121.8166667,1209,0.948833288
1C06,1992,0,50.9,-121.8166667,1209,-1.012387921
1C06,1993,0,50.9,-121.8166667,1209,-1.012387921
1C06,1994,0,50.9,-121.8166667,1209,-1.012387921
1C06,1995,0,50.9,-121.8166667,1209,-1.012387921
1C06,1996,0,50.9,-121.8166667,1209,-1.012387921
1C06,1997,68,50.9,-121.8166667,1209,0.538345128
1C06,1998,0,50.9,-121.8166667,1209,-1.012387921
1C06,1999,40,50.9,-121.8166667,1209,-0.10019201
1C06,2000,33,50.9,-121.8166667,1209,-0.259826294
1C06,2001,38,50.9,-121.8166667,1209,-0.145801805
1C06,2002,70,50.9,-121.8166667,1209,0.583954923
1C06,2003,0,50.9,-121.8166667,1209,-1.012387921
1C06,2004,0,50.9,-121.8166667,1209,-1.012387921
1C06,2005,0,50.9,-121.8166667,1209,-1.012387921
1C06,2006,0,50.9,-121.8166667,1209,-1.012387921
1C06,2007,0,50.9,-121.8166667,1209,-1.012387921
1C06,2008,0,50.9,-121.8166667,1209,-1.012387921
1C06,2009,68,50.9,-121.8166667,1209,0.538345128
1C06,2011,64,50.9,-121.8166667,1209,0.447125537
1C06,2012,0,50.9,-121.8166667,1209,-1.012387921
1C06,2013,0,50.9,-121.8166667,1209,-1.012387921
1C06,2014,68,50.9,-121.8166667,1209,0.538345128
1C06,2018,84,50.9,-121.8166667,1209,0.903223492
1C06,2019,0,50.9,-121.8166667,1209,-1.012387921
1C06,2020,30,50.9,-121.8166667,1209,-0.328240988
1C06,2021,60,50.9,-121.8166667,1209,0.355905946
1C08,1957,109,53.01666667,-123.65,1029,0.852478312
1C08,1958,142,53.01666667,-123.65,1029,1.484315179
1C08,1959,69,53.01666667,-123.65,1029,0.086615443
1C08,1960,0,53.01666667,-123.65,1029,-1.234498005
1C08,1961,48,53.01666667,-123.65,1029,-0.315462563
1C08,1962,142,53.01666667,-123.65,1029,1.484315179
1C08,1963,0,53.01666667,-123.65,1029,-1.234498005
1C08,1964,97,53.01666667,-123.65,1029,0.622719452
1C08,1965,112,53.01666667,-123.65,1029,0.909918027
1C08,1966,135,53.01666667,-123.65,1029,1.350289177
1C08,1967,130,53.01666667,-123.65,1029,1.254556318
1C08,1968,5,53.01666667,-123.65,1029,-1.138765146
1C08,1969,89,53.01666667,-123.65,1029,0.469546878
1C08,1970,81,53.01666667,-123.65,1029,0.316374304
1C08,1971,132,53.01666667,-123.65,1029,1.292849462
1C08,1972,99,53.01666667,-123.65,1029,0.661012595
1C08,1973,109,53.01666667,-123.65,1029,0.852478312
1C08,1974,155,53.01666667,-123.65,1029,1.733220611
1C08,1975,147,53.01666667,-123.65,1029,1.580048038
1C08,1976,165,53.01666667,-123.65,1029,1.924686328
1C08,1977,0,53.01666667,-123.65,1029,-1.234498005
1C08,1978,51,53.01666667,-123.65,1029,-0.258022847
1C08,1979,18,53.01666667,-123.65,1029,-0.889859714
1C08,1980,30,53.01666667,-123.65,1029,-0.660100854
1C08,1982,140,53.01666667,-123.65,1029,1.446022035
1C08,1983,0,53.01666667,-123.65,1029,-1.234498005
1C08,1984,8,53.01666667,-123.65,1029,-1.081325431
1C08,1985,83,53.01666667,-123.65,1029,0.354667448
1C08,1987,10,53.01666667,-123.65,1029,-1.043032288
1C08,1988,0,53.01666667,-123.65,1029,-1.234498005
1C08,1989,60,53.01666667,-123.65,1029,-0.085703702
1C08,1990,62,53.01666667,-123.65,1029,-0.047410559
1C08,1991,131,53.01666667,-123.65,1029,1.27370289
1C08,1992,0,53.01666667,-123.65,1029,-1.234498005
1C08,1993,77,53.01666667,-123.65,1029,0.239788017
1C08,1994,40,53.01666667,-123.65,1029,-0.468635136
1C08,1995,30,53.01666667,-123.65,1029,-0.660100854
1C08,1996,29,53.01666667,-123.65,1029,-0.679247425
1C08,1997,80,53.01666667,-123.65,1029,0.297227732
1C08,1998,1,53.01666667,-123.65,1029,-1.215351433
1C08,1999,92,53.01666667,-123.65,1029,0.526986593
1C08,2000,34,53.01666667,-123.65,1029,-0.583514567
1C08,2001,37,53.01666667,-123.65,1029,-0.526074852
1C08,2002,63,53.01666667,-123.65,1029,-0.028263987
1C08,2003,6,53.01666667,-123.65,1029,-1.119618575
1C08,2004,0,53.01666667,-123.65,1029,-1.234498005
1C08,2005,0,53.01666667,-123.65,1029,-1.234498005
1C08,2006,0,53.01666667,-123.65,1029,-1.234498005
1C08,2007,99,53.01666667,-123.65,1029,0.661012595
1C08,2008,72,53.01666667,-123.65,1029,0.144055159
1C08,2009,108,53.01666667,-123.65,1029,0.833331741
1C08,2010,22,53.01666667,-123.65,1029,-0.813273427
1C08,2011,117,53.01666667,-123.65,1029,1.005650886
1C08,2012,73,53.01666667,-123.65,1029,0.16320173
1C08,2013,23,53.01666667,-123.65,1029,-0.794126856
1C08,2014,129,53.01666667,-123.65,1029,1.235409747
1C08,2015,13,53.01666667,-123.65,1029,-0.985592573
1C08,2016,0,53.01666667,-123.65,1029,-1.234498005
1C08,2017,0,53.01666667,-123.65,1029,-1.234498005
1C08,2018,132,53.01666667,-123.65,1029,1.292849462
1C08,2019,27,53.01666667,-123.65,1029,-0.717540569
1C08,2020,122,53.01666667,-123.65,1029,1.101383745
1C08,2021,77,53.01666667,-123.65,1029,0.239788017
1C23,1970,864,52.73333333,-120.55,1687,-0.753251519
1C23,1971,1026,52.73333333,-120.55,1687,0.273827306
1C23,1972,1285,52.73333333,-120.55,1687,1.915885426
1C23,1973,1036,52.73333333,-120.55,1687,0.337227233
1C23,1974,1156,52.73333333,-120.55,1687,1.098026362
1C23,1975,986,52.73333333,-120.55,1687,0.020227596
1C23,1976,1262,52.73333333,-120.55,1687,1.770065593
1C23,1977,772,52.73333333,-120.55,1687,-1.336530851
1C23,1978,765,52.73333333,-120.55,1687,-1.3809108
1C23,1979,823,52.73333333,-120.55,1687,-1.013191221
1C23,1982,959,52.73333333,-120.55,1687,-0.150952208
1C23,1984,913,52.73333333,-120.55,1687,-0.442591874
1C23,1985,1004,52.73333333,-120.55,1687,0.134347465
1C23,1987,875,52.73333333,-120.55,1687,-0.683511598
1C23,1989,991,52.73333333,-120.55,1687,0.05192756
1C23,1990,1194,52.73333333,-120.55,1687,1.338946086
1C23,1991,1200,52.73333333,-120.55,1687,1.376986043
1C23,1992,995,52.73333333,-120.55,1687,0.077287531
1C23,1993,700,52.73333333,-120.55,1687,-1.793010328
1C23,1994,1145,52.73333333,-120.55,1687,1.028286442
1C23,1995,1060,52.73333333,-120.55,1687,0.489387059
1C23,1996,1058,52.73333333,-120.55,1687,0.476707073
1C23,1997,1106,52.73333333,-120.55,1687,0.781026725
1C23,1998,914,52.73333333,-120.55,1687,-0.436251882
1C23,2000,995,52.73333333,-120.55,1687,0.077287531
1C23,2001,641,52.73333333,-120.55,1687,-2.1670699
1C23,2002,1103,52.73333333,-120.55,1687,0.762006747
1C23,2003,779,52.73333333,-120.55,1687,-1.292150902
1C23,2004,789,52.73333333,-120.55,1687,-1.228750974
1C23,2005,1065,52.73333333,-120.55,1687,0.521087022
1C23,2006,854,52.73333333,-120.55,1687,-0.816651446
1C23,2007,1226,52.73333333,-120.55,1687,1.541825854
1C23,2008,1024,52.73333333,-120.55,1687,0.26114732
1C23,2009,1013,52.73333333,-120.55,1687,0.1914074
1C23,2010,876,52.73333333,-120.55,1687,-0.677171606
1C23,2011,1051,52.73333333,-120.55,1687,0.432327124
1C23,2012,1173,52.73333333,-120.55,1687,1.205806239
1C23,2013,1055,52.73333333,-120.55,1687,0.457687095
1C23,2015,749,52.73333333,-120.55,1687,-1.482350684
1C23,2017,888,52.73333333,-120.55,1687,-0.601091693
1C23,2019,857,52.73333333,-120.55,1687,-0.797631468
1C23,2021,1051,52.73333333,-120.55,1687,0.432327124
1C37,1995,780,50.78333333,-122.7333333,1980,0.740505447
1C37,1996,708,50.78333333,-122.7333333,1980,0.320848687
1C37,1997,834,50.78333333,-122.7333333,1980,1.055248017
1C37,1998,652,50.78333333,-122.7333333,1980,-0.005551015
1C37,1999,1010,50.78333333,-122.7333333,1980,2.081075653
1C37,2000,678,50.78333333,-122.7333333,1980,0.145991704
1C37,2001,526,50.78333333,-122.7333333,1980,-0.739950346
1C37,2002,740,50.78333333,-122.7333333,1980,0.507362803
1C37,2003,590,50.78333333,-122.7333333,1980,-0.366922114
1C37,2004,494,50.78333333,-122.7333333,1980,-0.926464461
1C37,2005,440,50.78333333,-122.7333333,1980,-1.241207031
1C37,2006,588,50.78333333,-122.7333333,1980,-0.378579247
1C37,2007,934,50.78333333,-122.7333333,1980,1.638104628
1C37,2008,790,50.78333333,-122.7333333,1980,0.798791108
1C37,2009,328,50.78333333,-122.7333333,1980,-1.894006436
1C37,2011,746,50.78333333,-122.7333333,1980,0.542334199
1C37,2014,446,50.78333333,-122.7333333,1980,-1.206235635
1C37,2015,504,50.78333333,-122.7333333,1980,-0.8681788
1C37,2016,684,50.78333333,-122.7333333,1980,0.1809631
1C37,2017,734,50.78333333,-122.7333333,1980,0.472391406
1C37,2019,506,50.78333333,-122.7333333,1980,-0.856521668
1C39,1995,716,50.83333333,-123.45,1393,0.658374978
1C39,1996,604,50.83333333,-123.45,1393,0.055201174
1C39,1997,648,50.83333333,-123.45,1393,0.292162311
1C39,1998,640,50.83333333,-123.45,1393,0.249078468
1C39,1999,1086,50.83333333,-123.45,1393,2.651002724
1C39,2000,546,50.83333333,-123.45,1393,-0.257156689
1C39,2001,364,50.83333333,-123.45,1393,-1.23731412
1C39,2002,628,50.83333333,-123.45,1393,0.184452703
1C39,2003,558,50.83333333,-123.45,1393,-0.192530924
1C39,2004,446,50.83333333,-123.45,1393,-0.795704728
1C39,2005,356,50.83333333,-123.45,1393,-1.280397964
1C39,2006,608,50.83333333,-123.45,1393,0.076743096
1C39,2007,910,50.83333333,-123.45,1393,1.703158175
1C39,2008,532,50.83333333,-123.45,1393,-0.332553414
1C39,2009,240,50.83333333,-123.45,1393,-1.905113689
1C39,2011,760,50.83333333,-123.45,1393,0.895336115
1C39,2012,780,50.83333333,-123.45,1393,1.003045723
1C39,2013,468,50.83333333,-123.45,1393,-0.67722416
1C39,2014,380,50.83333333,-123.45,1393,-1.151146434
1C39,2015,460,50.83333333,-123.45,1393,-0.720308003
1C39,2016,736,50.83333333,-123.45,1393,0.766084586
1C39,2017,616,50.83333333,-123.45,1393,0.119826939
1C39,2018,622,50.83333333,-123.45,1393,0.152139821
1C39,2019,546,50.83333333,-123.45,1393,-0.257156689
1C40,1995,470,51.13333333,-122.7833333,1946,0.211650158
1C40,1996,396,51.13333333,-122.7833333,1946,-0.354177576
1C40,1997,584,51.13333333,-122.7833333,1946,1.08333072
1C40,1998,424,51.13333333,-122.7833333,1946,-0.140080596
1C40,1999,844,51.13333333,-122.7833333,1946,3.071374107
1C40,2000,396,51.13333333,-122.7833333,1946,-0.354177576
1C40,2001,300,51.13333333,-122.7833333,1946,-1.088224365
1C40,2002,536,51.13333333,-122.7833333,1946,0.716307325
1C40,2003,466,51.13333333,-122.7833333,1946,0.181064875
1C40,2004,288,51.13333333,-122.7833333,1946,-1.179980214
1C40,2005,346,51.13333333,-122.7833333,1946,-0.736493612
1C40,2006,396,51.13333333,-122.7833333,1946,-0.354177576
1C40,2007,638,51.13333333,-122.7833333,1946,1.496232039
1C40,2008,416,51.13333333,-122.7833333,1946,-0.201251161
1C40,2009,264,51.13333333,-122.7833333,1946,-1.363491911
1C40,2011,514,51.13333333,-122.7833333,1946,0.548088269
1C40,2012,550,51.13333333,-122.7833333,1946,0.823355815
1C40,2013,350,51.13333333,-122.7833333,1946,-0.705908329
1C40,2014,296,51.13333333,-122.7833333,1946,-1.118809648
1C40,2015,328,51.13333333,-122.7833333,1946,-0.874127385
1C40,2016,430,51.13333333,-122.7833333,1946,-0.094202671
1C40,2017,372,51.13333333,-122.7833333,1946,-0.537689273
1C40,2018,504,51.13333333,-122.7833333,1946,0.471625062
1C40,2019,382,51.13333333,-122.7833333,1946,-0.461226066
1C40,2021,568,51.13333333,-122.7833333,1946,0.960989588
1D08,1968,1636,49.56666667,-122.3,1211,0.270945238
1D08,1969,1864,49.56666667,-122.3,1211,0.725307976
1D08,1970,1255,49.56666667,-122.3,1211,-0.488318811
1D08,1971,2319,49.56666667,-122.3,1211,1.632040633
1D08,1972,2225,49.56666667,-122.3,1211,1.444715645
1D08,1973,1529,49.56666667,-122.3,1211,0.057713602
1D08,1974,2421,49.56666667,-122.3,1211,1.835308174
1D08,1975,1750,49.56666667,-122.3,1211,0.498126607
1D08,1976,1869,49.56666667,-122.3,1211,0.735272071
1D08,1977,894,49.56666667,-122.3,1211,-1.20772648
1D08,1978,1166,49.56666667,-122.3,1211,-0.665679705
1D08,1979,1186,49.56666667,-122.3,1211,-0.625823324
1D08,1980,1265,49.56666667,-122.3,1211,-0.468390621
1D08,1981,579,49.56666667,-122.3,1211,-1.835464474
1D08,1982,1973,49.56666667,-122.3,1211,0.94252525
1D08,1983,1733,49.56666667,-122.3,1211,0.464248684
1D08,1984,1283,49.56666667,-122.3,1211,-0.432519879
1D08,1985,1776,49.56666667,-122.3,1211,0.549939902
1D08,1986,1123,49.56666667,-122.3,1211,-0.751370923
1D08,1987,1520,49.56666667,-122.3,1211,0.039778231
1D08,1988,1851,49.56666667,-122.3,1211,0.699401329
1D08,1989,1697,49.56666667,-122.3,1211,0.392507199
1D08,1990,1426,49.56666667,-122.3,1211,-0.147546758
1D08,1992,978,49.56666667,-122.3,1211,-1.040329682
1D08,1993,876,49.56666667,-122.3,1211,-1.243597223
1D08,1994,1364,49.56666667,-122.3,1211,-0.271101537
1D08,1995,1630,49.56666667,-122.3,1211,0.258988324
1D08,1996,916,49.56666667,-122.3,1211,-1.163884462
1D08,1997,1876,49.56666667,-122.3,1211,0.749221804
1D08,1998,1684,49.56666667,-122.3,1211,0.366600551
1D08,1999,2750,49.56666667,-122.3,1211,2.490945634
1D08,2000,1805,49.56666667,-122.3,1211,0.607731653
1D08,2001,954,49.56666667,-122.3,1211,-1.088157339
1D08,2002,1667,49.56666667,-122.3,1211,0.332722628
1D08,2003,984,49.56666667,-122.3,1211,-1.028372768
1D08,2004,1452,49.56666667,-122.3,1211,-0.095733463
1D08,2005,446,49.56666667,-122.3,1211,-2.100509404
1D08,2006,1807,49.56666667,-122.3,1211,0.611717292
1D08,2007,1825,49.56666667,-122.3,1211,0.647588034
1D08,2008,1770,49.56666667,-122.3,1211,0.537982988
1D08,2009,1118,49.56666667,-122.3,1211,-0.761335018
1D08,2011,2083,49.56666667,-122.3,1211,1.161735343
1D08,2012,1985,49.56666667,-122.3,1211,0.966439078
1D08,2013,1615,49.56666667,-122.3,1211,0.229096038
1D08,2014,1220,49.56666667,-122.3,1211,-0.558067477
1D08,2015,98,49.56666667,-122.3,1211,-2.794010426
1D08,2016,1453,49.56666667,-122.3,1211,-0.093740644
1D08,2018,1597,49.56666667,-122.3,1211,0.193225296
1D08,2019,1030,49.56666667,-122.3,1211,-0.936703092
1D08,2020,1404,49.56666667,-122.3,1211,-0.191388776
1D08,2021,1775,49.56666667,-122.3,1211,0.547947083
1D16,1992,800,49.31666667,-122.0666667,1147,-1.104280696
1D16,1993,996,49.31666667,-122.0666667,1147,-0.792957194
1D16,1994,1296,49.31666667,-122.0666667,1147,-0.316441631
1D16,1995,1556,49.31666667,-122.0666667,1147,0.096538523
1D16,1996,738,49.31666667,-122.0666667,1147,-1.202760579
1D16,1997,1992,49.31666667,-122.0666667,1147,0.789074475
1D16,1998,1548,49.31666667,-122.0666667,1147,0.083831442
1D16,1999,2990,49.31666667,-122.0666667,1147,2.374282915
1D16,2000,2020,49.31666667,-122.0666667,1147,0.833549261
1D16,2001,1108,49.31666667,-122.0666667,1147,-0.615058051
1D16,2002,1980,49.31666667,-122.0666667,1147,0.770013853
1D16,2003,1004,49.31666667,-122.0666667,1147,-0.780250113
1D16,2004,1648,49.31666667,-122.0666667,1147,0.242669963
1D16,2005,412,49.31666667,-122.0666667,1147,-1.720574157
1D16,2006,1794,49.31666667,-122.0666667,1147,0.474574203
1D16,2007,2130,49.31666667,-122.0666667,1147,1.008271634
1D16,2008,2120,49.31666667,-122.0666667,1147,0.992387782
1D16,2009,1440,49.31666667,-122.0666667,1147,-0.087714161
1D16,2013,2106,49.31666667,-122.0666667,1147,0.970150389
1D16,2014,1420,49.31666667,-122.0666667,1147,-0.119481865
1D16,2015,56,49.31666667,-122.0666667,1147,-2.286039292
1D16,2016,1276,49.31666667,-122.0666667,1147,-0.348209336
1D16,2017,1626,49.31666667,-122.0666667,1147,0.207725488
1D16,2018,1913,49.31666667,-122.0666667,1147,0.663592043
1D16,2019,778,49.31666667,-122.0666667,1147,-1.13922517
1D16,2020,1608,49.31666667,-122.0666667,1147,0.179134554
1D16,2021,2016,49.31666667,-122.0666667,1147,0.82719572
